{"cameraMode":{"drawMode":0,"name":"Shaded","section":"Shading Mode"},"sceneLighting":true,"audioPlay":false,"sceneViewState":{"m_AlwaysRefresh":false,"showFog":true,"showSkybox":true,"showFlares":true,"showImageEffects":true,"showParticleSystems":true,"showVisualEffectGraphs":true,"m_FxEnabled":true},"in2DMode":false,"pivot":{"x":-1.1253782510757447,"y":4.505109786987305,"z":-9.876312255859375},"rotation":{"x":-0.017966045066714288,"y":0.060555122792720798,"z":0.00109011959284544,"w":0.998003363609314},"size":4.0835347175598148,"orthographic":false}